"curriculum_code","course_code","course_name","semester","credits","prerequisite"
"BIT_SE_K20B","OTP101","Orientation and General Training Program_Định hướng và Rèn luyện tập trung","0","0","None"
"BIT_SE_K20B","PEN","Preparation English_Tiếng Anh chuẩn bị","0","0",""
"BIT_SE_K20B","PHE_COM*1","Physical Education 1_Giáo dục thể chất 1","0","2",""
"BIT_SE_K20B","TMI_ELE","Traditional musical instrument_Nhạc cụ truyền thống","0","3",""
"BIT_SE_K20B","CEA201","Computer Organization and Architecture_Tổ chức và Kiến trúc máy tính","1","3",""
"BIT_SE_K20B","CSI106","Introduction to Computer Science_Nhập môn khoa học máy tính","1","3",""
"BIT_SE_K20B","MAE101","Mathematics for Engineering_Toán cho ngành kỹ thuật","1","3","None"
"BIT_SE_K20B","PHE_COM*2","Physical Education 2_Giáo dục thể chất 2","1","2",""
"BIT_SE_K20B","PRF192","Programming Fundamentals_Cơ sở lập trình","1","3","None"
"BIT_SE_K20B","SSL101c","Academic Skills for University Success_Kỹ năng học tập đại học","1","3","None"
"BIT_SE_K20B","MAD101","Discrete mathematics_Toán rời rạc","2","3","None"
"BIT_SE_K20B","NWC204","Computer Networking_Mạng máy tính","2","3",""
"BIT_SE_K20B","OSG202","Operating Systems_Hệ điều hành","2","3",""
"BIT_SE_K20B","PHE_COM*3","Physical Education 3_Giáo dục thể chất 3","2","2",""
"BIT_SE_K20B","PRO192","Object-Oriented Programming_Lập trình hướng đối tượng","2","3","Pass PRF192"
"BIT_SE_K20B","WED201c","Web Design_Thiết kế web","2","3","None"
"BIT_SE_K20B","DBI202","Introduction to Databases_Các hệ cơ sở dữ liệu","3","3",""
"BIT_SE_K20B","JPD113","Elementary Japanese 1- A1.1_Tiếng Nhật sơ cấp 1-A1.1","3","3","Không"
"BIT_SE_K20B","LAB211","OOP with Java Lab_Thực hành OOP với Java","3","3","PRO192"
"BIT_SE_K20B","MAS291","Statistics & Probability_Xác suất thống kê","3","3","MAE101 or MAC101"
"BIT_SE_K20B","SWE202c","Introduction to Software Engineering_Nhập môn kĩ thuật phần mềm","3","3","PRO192"
"BIT_SE_K20B","CSD201","Data Structures and Algorithms_Cấu trúc dữ liệu và giải thuật","4","3","PRO192"
"BIT_SE_K20B","IOT102","Internet of Things_Internet vạn vật","4","3",""
"BIT_SE_K20B","JPD123","Elementary Japanese 1-A1.2_Tiếng Nhật sơ cấp 1-A1.2","4","3","JPD113"
"BIT_SE_K20B","PRJ301","Java Web Application Development_Phát triển ứng dụng Java web","4","3","DBI202, PRO192"
"BIT_SE_K20B","SWR302","Software Requirement_Yêu cầu phần mềm","4","3","SWE102 or SWE201c or SWE202c"
"BIT_SE_K20B","SE_COM*1","Subject 1 of Combo*_Học phần 1 của combo*","5","3",""
"BIT_SE_K20B","SSG105","Kỹ năng giao tiếp và cộng tác","5","3","N/A"
"BIT_SE_K20B","SWP391","Software development project_Dự án phát triển phần mềm","5","3","PRJ301, SWE201c or SWE202c, pass LAB211"
"BIT_SE_K20B","SWT301","Software Testing_Kiểm thử phần mềm","5","3","SWE102 or SWE201c or SWE202c"
"BIT_SE_K20B","WDU203c","UI/UX Design_Thiết kế trải nghiệm người dùng","5","3",""
"BIT_SE_K20B","ENW493c","Research Methods & Academic Writing Skills_Phương pháp nghiên cứu & Kỹ năng viết học thuật","6","3",""
"BIT_SE_K20B","OJT202","On-The-Job Training_Đào tạo trong môi trường thực tế","6","10","Students attained 90% of the total credits prior to the OJT term (excluding Physical Education and OTP Programs) Students choosing JS combo (Japanese Bridge Engineer) have to pass JPD133"
"BIT_SE_K20B","EXE101","Experiential Entrepreneurship 1_Trải nghiệm khởi nghiệp 1","7","3","None"
"BIT_SE_K20B","PMG201c","Project Management","7","3","None"
"BIT_SE_K20B","SE_COM*2","Subject 2 of Combo*_Học phần 2 của combo*","7","3",""
"BIT_SE_K20B","SE_COM*3","Subject 3 of Combo*_Học phần 3 của combo*","7","3",""
"BIT_SE_K20B","SWD392","Software Architecture and Design_Kiến trúc và thiết kế phần mềm","7","3","SWE201c or SWE202c, PRO192"
"BIT_SE_K20B","EXE201","Experiential Entrepreneurship 2_Trải nghiệm khởi nghiệp 2","8","3","EXE101"
"BIT_SE_K20B","ITE302c","Ethics in IT_Đạo đức trong CNTT","8","3","None"
"BIT_SE_K20B","MLN111","Philosophy of Marxism – Leninism_Triết học Mác - Lê-nin","8","3","None"
"BIT_SE_K20B","MLN122","Political economics of Marxism – Leninism_Kinh tế chính trị Mác - Lê-nin","8","2","None"
"BIT_SE_K20B","PRM393","Mobile Programming_Lập trình di động","8","3","PRO192"
"BIT_SE_K20B","SE_COM*4_ELE","Học phần 4 của combo SE","8","3",""
"BIT_SE_K20B","HCM202","Ho Chi Minh Ideology_Tư tưởng Hồ Chí Minh","9","2","MLN111, MLN122"
"BIT_SE_K20B","MLN131","Scientific socialism_Chủ nghĩa xã hội khoa học","9","2","MLN111, MLN122"
"BIT_SE_K20B","SE_GRA_ELE","Graduation Elective - Software Engineering_Học phần lựa chọn Đồ án tốt nghiệp chuyên ngành Kỹ thuật phần mềm","9","10",""
"BIT_SE_K20B","VNR202","History of Communist Party of Vietnam_Lịch sử Đảng Cộng sản Việt Nam","9","2","MLN111, MLN122"
