"curriculum_code","curriculum_name","specialization","total_credits"
"BIT_SE_K18D_19A","Chương trình cử nhân ngành Công nghệ thông tin, chuyên ngành Kỹ thuật phần mềm","Kỹ thuật phần mềm","145"
"BIT_SE_K19B","Chương trình cử nhân ngành Công nghệ thông tin, chuyên ngành Kỹ thuật phần mềm","Kỹ thuật phần mềm","145"
"BIT_SE_K19C","Chương trình cử nhân ngành Công nghệ thông tin, chuyên ngành Kỹ thuật phần mềm","Kỹ thuật phần mềm","145"
"BIT_SE_K19D_K20A","Chương trình cử nhân ngành Công nghệ thông tin, chuyên ngành Kỹ thuật phần mềm","Kỹ thuật phần mềm","145"
"BIT_SE_K20B","Chương trình cử nhân ngành Công nghệ thông tin, chuyên ngành Kỹ thuật phần mềm","Kỹ thuật phần mềm","145"
"BIT_SE_K20C","Chương trình cử nhân ngành Công nghệ thông tin, chuyên ngành Kỹ thuật phần mềm","Kỹ thuật phần mềm","145"
"BIT_SE_K20D_K21A","Chương trình cử nhân ngành Công nghệ thông tin, chuyên ngành Kỹ thuật phần mềm","Kỹ thuật phần mềm","145"
"BIT_SE_K21B","Chương trình cử nhân ngành Công nghệ thông tin, chuyên ngành Kỹ thuật phần mềm","Kỹ thuật phần mềm","145"
"BIT_SE_K21C","Chương trình cử nhân ngành Công nghệ thông tin, chuyên ngành Kỹ thuật phần mềm","Kỹ thuật phần mềm","145"
"BIT_SE-2026_K21D_K22A","Chương trình cử nhân ngành Công nghệ thông tin, chuyên ngành Kỹ thuật phần mềm","Kỹ thuật phần mềm","148"
"BIT_IS_K18D_19A","Chương trình cử nhân ngành Công nghệ thông tin, chuyên ngành Hệ thống thông tin","Hệ thống thông tin","145"
"BIT_IS_K19B","Chương trình cử nhân ngành Công nghệ thông tin, chuyên ngành Hệ thống thông tin","Hệ thống thông tin","145"
"BIT_IS_K19C","Chương trình cử nhân ngành Công nghệ thông tin, chuyên ngành Hệ thống thông tin","Hệ thống thông tin","145"
"BIT_IS_K19D_K20A","Chương trình cử nhân ngành Công nghệ thông tin, chuyên ngành Hệ thống thông tin","Hệ thống thông tin","145"
"BIT_IS_K20B","Chương trình cử nhân ngành Công nghệ thông tin, chuyên ngành Hệ thống thông tin","Hệ thống thông tin","145"
"BIT_IS_K20C","Chương trình cử nhân ngành Công nghệ thông tin, chuyên ngành Hệ thống thông tin","Hệ thống thông tin","145"
"BIT_IS_K20D","Chương trình cử nhân ngành Công nghệ thông tin, chuyên ngành Hệ thống thông tin","Hệ thống thông tin","145"
"BIT_IS_K20D-21A","Chương trình cử nhân ngành Công nghệ thông tin, chuyên ngành Hệ thống thông tin","Hệ thống thông tin","145"
"BIT_IA_K18D-19A","Chương trình cử nhân ngành Công nghệ thông tin, chuyên ngành An toàn thông tin","An toàn thông tin","145"
"BIT_IA_K18D-19A_FNO","Chương trình cử nhân ngành Công nghệ thông tin, chuyên ngành An toàn thông tin","An toàn thông tin","145"
"BIT_IA_K19B_FNO","Chương trình cử nhân ngành Công nghệ thông tin, chuyên ngành An toàn thông tin","An toàn thông tin","145"
"BIT_IA_K19D-20A","Chương trình cử nhân ngành Công nghệ thông tin, chuyên ngành An toàn thông tin","An toàn thông tin","145"
"BIT_IA_K20B","Chương trình cử nhân ngành Công nghệ thông tin, chuyên ngành An toàn thông tin","An toàn thông tin","111"
"BIT_IA_K20B_FNO","Chương trình cử nhân ngành Công nghệ thông tin, chuyên ngành An toàn thông tin","An toàn thông tin","108"
"BIT_IA_K20C","Chương trình cử nhân ngành Công nghệ thông tin, chuyên ngành An toàn thông tin","An toàn thông tin","111"
"BIT_IA_K20D-21A","Chương trình cử nhân ngành Công nghệ thông tin, chuyên ngành An toàn thông tin","An toàn thông tin","111"
"BIT_IA_K21B","Chương trình cử nhân ngành Công nghệ thông tin, chuyên ngành An toàn thông tin","An toàn thông tin","111"
"BIT_IA_K21C","Chương trình cử nhân ngành Công nghệ thông tin, chuyên ngành An toàn thông tin","An toàn thông tin","111"
"BIT_IA_K21D-22A","Chương trình cử nhân ngành Công nghệ thông tin, chuyên ngành An toàn thông tin","An toàn thông tin","114"
"BIT_AI_K18D-19A","Chương trình cử nhân ngành Công nghệ thông tin, chuyên ngành Trí tuệ nhân tạo","Trí tuệ nhân tạo","145"
"BIT_AI_K18D-19A_FNO","Chương trình cử nhân ngành Công nghệ thông tin, chuyên ngành Trí tuệ nhân tạo","Trí tuệ nhân tạo","145"
"BIT_AI_K19B_FNO","Chương trình cử nhân ngành Công nghệ thông tin, chuyên ngành Trí tuệ nhân tạo","Trí tuệ nhân tạo","145"
"BIT_AI_K19D-20A","Chương trình cử nhân ngành Công nghệ thông tin, chuyên ngành Trí tuệ nhân tạo","Trí tuệ nhân tạo","145"
"BIT_AI_K20B","Chương trình cử nhân ngành Công nghệ thông tin, chuyên ngành Trí tuệ nhân tạo","Trí tuệ nhân tạo","145"
"BIT_AI_K20B_FNO","Chương trình cử nhân ngành Công nghệ thông tin, chuyên ngành Trí tuệ nhân tạo","Trí tuệ nhân tạo","145"
"BIT_AI_K20C","Chương trình cử nhân ngành Công nghệ thông tin, chuyên ngành Trí tuệ nhân tạo","Trí tuệ nhân tạo","145"
"BIT_AI_K20D-21A","Chương trình cử nhân ngành Công nghệ thông tin, chuyên ngành Trí tuệ nhân tạo","Trí tuệ nhân tạo","145"
"BIT_AI_K21B","Chương trình cử nhân ngành Công nghệ thông tin, chuyên ngành Trí tuệ nhân tạo","Trí tuệ nhân tạo","145"
"BIT_AI_K21C","Chương trình cử nhân ngành Công nghệ thông tin, chuyên ngành Trí tuệ nhân tạo","Trí tuệ nhân tạo","145"
"BIT_AI_K21D-22A","Chương trình cử nhân ngành Công nghệ thông tin, chuyên ngành Trí tuệ nhân tạo","Trí tuệ nhân tạo","148"
