"curriculum_code","combo_id","combo_name","selection_group","note"
"BIT_SE_K20B","26","PHE_COM1: Vovinam BIT_GD_K16D,K17A","",""
"BIT_SE_K20B","334","PHE_COM2: Cờ vua BIT_SE_K15A","",""
"BIT_SE_K20B","340","SE_COM5.2: Topic on Japanese Bridge Engineer_Chủ đề Kỹ sư cầu nối Nhật Bản (Định hướng Tiếng Nhật nâng cao cho kỹ sư CNTT) BIT_SE_K15A","",""
"BIT_SE_K20B","402","SE_COM6: Topic on Information Technology - Korean Language_Chủ đề Công nghệ thông tin - tiếng Hàn BIT_SE_K15C","",""
"BIT_SE_K20B","1469","SE_COM5.1.1:Topic on Japanese Bridge Engineer_Chủ đề Kỹ sư cầu nối Nhật Bản (Định hướng Tiếng Nhật CNTT: Lựa chọn JFE301 và 1 trong 2 học phần JIS401, JIT401 để triển khai ở kỳ 8) BIT_SE_K15C","",""
"BIT_SE_K20B","2566","SE_COM7.1:Topic on AI_Chủ đề AI","","Topic on AI_Chủ đề AI"
"BIT_SE_K20B","2497","SE_COM4.1: Topic on React/NodeJS_Chủ đề React/NodeJS","",""
"BIT_SE_K20B","2605","SE_COM11: Topic on IC design_Chủ đề Thiết kế vi mạch","",""
"BIT_SE_K20B","2640","SE_COM10.2: Topic on Intensive Java_Chủ đề Java chuyên sâu_K19A","",""
"BIT_SE_K20B","2628","SE_COM12: Topic on Game Development_Phát triển game","",""
"BIT_SE_K20B","2675","SE_COM14: Topic on Applied Data Science_Chủ đề Khoa học dữ liệu (KHDL) ứng dụng_K19B","",""
"BIT_SE_K20B","2686","SE_COM3.3: Topic on .NET Programming_Chủ đề lập trình .NET BIT_SE_From_K18C","",""
