"curriculum_code","combo_id","combo_subject_id","course_code","course_name","semester","credits","prerequisite","note"
"BIT_AI_K20D-21A","1172","5024","VOV114","Vovinam 1","0","","",""
"BIT_AI_K20D-21A","1172","5025","VOV124","Vovinam 2","1","","",""
"BIT_AI_K20D-21A","1172","5026","VOV134","Vovinam 3","2","","",""
"BIT_AI_K20D-21A","1173","5027","COV111","Cờ Vua 1","0","","",""
"BIT_AI_K20D-21A","1173","5028","COV121","Cờ Vua 2","1","","",""
"BIT_AI_K20D-21A","1173","5029","COV131","Cờ Vua 3","2","","",""
"BIT_AI_K20D-21A","1174","5030","DSR301m","Applied DS with R_Khoa học dữ liệu ứng dụng với R","5","","",""
"BIT_AI_K20D-21A","1174","5031","BDI302c","Big Data_Dữ liệu lớn","5","","",""
"BIT_AI_K20D-21A","1174","5032","DBM302m","Data Mining_Khai phá dữ liệu","7","","",""
"BIT_AI_K20D-21A","1174","5033","DSP391m","Data Science - Capstone Project_Dự án KHDL","8","","",""
"BIT_AI_K20D-21A","1176","5038","ASR301c","AI for Scientific Research_TTNT cho Nghiên cứu khoa học","5","","",""
"BIT_AI_K20D-21A","1176","5039","AIH301m","AI in Healthcare_Ứng dụng TTNT trong chăm sóc sức khỏe","5","","",""
"BIT_AI_K20D-21A","1176","5040","AIM301m","AI for Medicine_Ứng dụng TTNT cho y học","7","","",""
"BIT_AI_K20D-21A","1176","5041","AIE301m","AI for Trading_Ứng dụng TTNT cho giao dịch","8","","",""
"BIT_AI_K20D-21A","2620","6919","SEG301","Search Engines_Công cụ tìm kiếm","5","","",""
"BIT_AI_K20D-21A","2620","6920","TMG301","Text Mining_Khai thác văn bản","5","","",""
"BIT_AI_K20D-21A","2620","6921","SLP301","Speech Processing_Xử lý tiếng nói","7","","",""
"BIT_AI_K20D-21A","2620","6922","IMP302","Image and Video processing_Xử lý hình ảnh và video","8","","",""
"BIT_AI_K20D-21A","2653","7073","GAI201m","Introduction to Generative AI_Nhập môn TTNT tạo sinh","5","","",""
"BIT_AI_K20D-21A","2653","7074","MGA301","Multimodal AI_TTNT đa phương thức","7","","",""
"BIT_AI_K20D-21A","2653","7075","AGA301c","Advanced Generative AI_TTNT tạo sinh nâng cao","5","","",""
"BIT_AI_K20D-21A","2653","7076","GAP301","GenAI Project_Dự án TTNT tạo sinh","8","","",""
"BIT_AI_K20D-21A","2654","7077","MOI201m","Introduction to MLOps_Nhập môn hoạt động học máy","5","","",""
"BIT_AI_K20D-21A","2654","7078","CMO301m","Cloud for MLOps_Cloud cho hoạt động học máy","7","","",""
"BIT_AI_K20D-21A","2654","7079","AIS301c","AI for Cybersecurity_TTNT cho an ninh mạng","5","","",""
"BIT_AI_K20D-21A","2654","7080","AMO301m","Advanced MLOps_Hoạt động học máy nâng cao","8","","",""
